출발,관계,도착,메모
윤두서,관련,심사정,
윤두서,관련,정선,
심사정,관련,정선,
최북,관련,윤제홍,
김정희,영향,조희룡,여항 문인화에 미친 영향
정선,관련,김홍도,
이인문,관련,김홍도,
오상고절,대비,홍매대련,
풍설야귀인도,대비,송하관수도,
어락도,대비,백악춘효도,
영모화,대비,화조화,새·짐승 ↔ 꽃과 새
기록화,관련,의궤,
어진,관련,도화서,
세화,관련,십장생,
문자도,관련,책가도,
일필론,관련,일기론,
동국진체,대비,추사체,우리 고유의 활달함 ↔ 예서 필의의 파격
이광사,대비,김정희,동국진체 ↔ 추사체
법첩,관련,임모,
현완법,관련,쌍구법,
안평대군,관련,안견,
화각공예,대비,나전칠기,쇠뿔 반투명 채색 ↔ 자개와 옻칠
백골,관련,나전칠기,
사방탁자,관련,반닫이,
사리장엄구,관련,무구정광대다라니경,
수월관음도,상위,탱화,
괘불,상위,탱화,야외 법회용 대형 탱화
승탑,관련,석등,
적석목곽분,대비,석실봉토분,벽면 없음(벽화 불가) ↔ 벽면 있음(벽화 가능)
화엄사 사사자 삼층석탑,관련,다보탑,
무구정광대다라니경,관련,불국사 삼층석탑,
상형청자,관련,순청자,
회회청,관련,백자 청화,
주심포 양식,대비,익공 양식,기둥 위 공포 ↔ 새 날개 모양 부재
익공 양식,관련,다포 양식,
조석진,관련,안중식,
서화미술회,계보,서화협회,1911 → 1918
이상범,대비,변관식,잔 붓질의 향토 실경 ↔ 적묵과 파격 구도
실험미술,대비,단색화,제도와 형식에 도전 ↔ 물성과 반복에 침잠
색상환,관련,색입체,
병치혼합,상위,중간혼합,
색상대비,관련,보색대비,
명도대비,관련,채도대비,
색의 진출과 후퇴,관련,색의 팽창과 수축,
푸르킨예 현상,관련,색의 항상성,
문·스펜서 색채조화론,대비,이텐의 색채조화론,색입체 수치화 ↔ 색상환 기하 배치
슈브뢸,관련,루드,
오방색,관련,단청,
반전 도형,상위,도형과 바탕,도형과 바탕이 뒤바뀌는 특수한 경우
그리드,관련,레이아웃,
시각적 위계,관련,레이아웃,
UI 디자인,상위,UX 디자인,경험 전체 ⊃ 화면과 조작
페르소나,계보,프로토타이핑,사용자 정의 → 시제품 검증
힉의 법칙,대비,피츠의 법칙,선택지 수 ↔ 목표의 크기와 거리
공공디자인,관련,유니버설 디자인,
환경디자인,관련,공공디자인,
패키지 디자인,관련,브랜드 이미지 통합,
데 스틸,관련,러시아 구성주의,
지속가능 디자인,관련,적정기술,
아이소타이프,계보,픽토그램,그림 통계 → 오늘날의 그림 기호
비디오 아트,상위,미디어 아트,
브루스 나우만,관련,빌 비올라,
프로젝션 매핑,관련,미디어 파사드,
증강현실,대비,가상현실,현실에 겹침 ↔ 완전한 인공 공간
인터랙티브 아트,상위,미디어 아트,
퍼포먼스 아트,관련,해프닝,
해프닝,관련,플럭서스,
키네틱 아트,대표작가,장 팅겔리,
오브제,관련,레디메이드,
장소특정적 미술,관련,제도 비판,
마이클 애셔,관련,고든 마타클락,
도큐멘테이션,관련,장소특정적 미술,
조셉 보이스,주장,사회적 조각,
회화주의 사진,기법,조합 인화,여러 네거티브를 겹쳐 인화
총론 핵심역량,상위,2022 개정 교육과정 총론,
총론 핵심역량,관련,2022 개정 미술과 교과 역량,
미술과 매체,관련,미술 창작,
일반 선택 과목,관련,진로 선택 과목,
진로 선택 과목,관련,융합 선택 과목,
깊이 있는 학습,관련,학습자 주도성,
교과 간 연계·통합,관련,융합인재교육,
삶과 연계한 학습,관련,깊이 있는 학습,
학습 과정에 대한 성찰,관련,자기 평가,
교수·학습 방향,관련,평가 방향,
학교자율시간,관련,자유학기제,
고교학점제,관련,진로 선택 과목,
제7차 미술과 교육과정,관련,필수 학습 요소,
2015 개정 미술과 교육과정,관련,2022 개정 미술과 교과 역량,
학습을 위한 평가,관련,과정 중심 평가,
참평가,관련,수행평가,
신뢰도,관련,객관도,
후광 효과,대비,집중 경향의 오류,전반 인상이 번짐 ↔ 중간으로 몰림
정의적 영역 평가,관련,교육적 감식안,
논술형 평가,관련,감상 보고서 평가,
펜티멘토,관련,목탄,
은필,대비,목탄,가늘고 수정 불가 ↔ 넓은 면과 문지르기
콩테,관련,목탄,
파스텔,관련,콩테,
안료,관련,미디엄,
팻 오버 린,관련,안료,
젯소,관련,캔버스,
바니시,관련,캔버스,
수채화,대비,과슈,투명 ↔ 불투명
아크릴화,관련,수채화,
콜라그래프,관련,목판화,
에디션,관련,B.A.T.,
사이징,관련,B.A.T.,
엠보싱,관련,콜라그래프,
카빙,대비,소조,깎아 냄 ↔ 붙여 나감
슬립,관련,꼬막 밀기,
초벌구이,계보,재벌구이,
유약,관련,재벌구이,
물레성형,관련,코일링,
코일링,관련,판성형,
석고 뜨기,관련,실납법,
브론즈 주조,관련,실납법,
아교포수,관련,배채법,
아교포수,계보,바림,바탕 처리 → 채색
호분,관련,아교포수,
미술공예운동,계보,독일공작연맹,수공예의 한계 → 기계 생산 수용
독일공작연맹,계보,바우하우스,규격화·산업과의 결합
전형 양식,계보,이형 석탑,정형의 성립 → 정형에서의 이탈
니시키에,영향,인상주의,자포니슴 — 평면적 색면과 과감한 구도
윤두서,작품,유하백마도,
심사정,작품,오상고절,
조희룡,작품,홍매대련,
최북,작품,풍설야귀인도,
윤제홍,작품,송하관수도,
조석진,작품,어락도,
안중식,작품,백악춘효도,
정선,작품,인왕제색도,
정선,작품,금강전도,
김홍도,작품,씨름도,
신윤복,작품,단오풍정,
김정희,작품,세한도,
수월관음도,기법,배채법,비단 뒷면에서 채색해 앞으로 배어나게 함
금강전도,기법,미점법,왼쪽 토산
인왕제색도,기법,적묵법,비 갠 뒤 화강암 암벽의 양감
세한도,기법,갈필,메마르고 거친 필선
아이스너,주장,교육적 감식안,
김정희,주장,서권기 문자향,
부벽준,상위,준법,
피마준,상위,준법,
미점법,상위,준법,
우점준,상위,준법,
권운준,상위,준법,
절대준,상위,준법,
동일배색,상위,배색,
유사배색,상위,배색,
반대배색,상위,배색,
연속배색,상위,배색,
분리배색,상위,배색,
강조배색,상위,배색,
톤온톤 배색,상위,배색,
톤인톤 배색,상위,배색,
연속배색,대비,분리배색,점진적 연결 ↔ 사이를 끊어 분리
피마준,대비,부벽준,남종 부드러운 선 ↔ 북종 각진 면
김홍도,대비,신윤복,배경 생략·담채 ↔ 배경 묘사·원색
분청사기 상감 기법,상위,분청사기,
분청사기 인화 기법,상위,분청사기,
분청사기 박지 기법,상위,분청사기,
분청사기 귀얄 기법,상위,분청사기,
분청사기 조화 기법,상위,분청사기,
분청사기 덤벙 기법,상위,분청사기,
근접성의 원리,상위,게슈탈트 원리,
유사성의 원리,상위,게슈탈트 원리,
폐쇄성의 원리,상위,게슈탈트 원리,
연속성의 원리,상위,게슈탈트 원리,
도형과 바탕,상위,게슈탈트 원리,
프래그난츠의 법칙,상위,게슈탈트 원리,
분석적 루브릭,상위,루브릭,
총체적 루브릭,상위,루브릭,
체크리스트,상위,관찰법,
평정척도법,상위,관찰법,
일화기록법,상위,관찰법,
핵심 아이디어,상위,내용 체계,
지식·이해,상위,내용 체계,
과정·기능,상위,내용 체계,
가치·태도,상위,내용 체계,
미적 체험 영역,상위,2022 개정 미술과 교육과정,
표현 영역,상위,2022 개정 미술과 교육과정,
감상 영역,상위,2022 개정 미술과 교육과정,
2022 개정 미술과 교과 역량,상위,2022 개정 미술과 교육과정,
내용 체계,상위,2022 개정 미술과 교육과정,
성취기준 코드,상위,성취기준,
성취기준 해설,상위,성취기준,
성취기준 적용 시 고려 사항,상위,성취기준,
성취수준,상위,성취기준,
남종화,상위,남북종론,
북종화,상위,남북종론,
목판화,상위,볼록판화,
리놀륨 판화,상위,볼록판화,
니시키에,상위,볼록판화,
에칭,상위,오목판화,
드라이포인트,상위,오목판화,
아쿠아틴트,상위,오목판화,
메조틴트,상위,오목판화,
콜라그래프,상위,오목판화,
석판화,상위,평판화,
모노타이프,상위,평판화,
실크스크린,상위,공판화,
스텐실,상위,공판화,
모방론,상위,미학,
표현론,상위,미학,
형식주의,상위,미학,
제도론,상위,미학,
줄음질,상위,나전칠기,
끊음질,상위,나전칠기,
유선칠보,상위,칠보,
항마촉지인,상위,수인,
기운생동,상위,사혁 육법,
카빙,상위,조각,
시각적 문해력,상위,다중지능 이론,
미술 창작,상위,진로 선택 과목,
미술 감상과 비평,상위,진로 선택 과목,
미술과 매체,상위,융합 선택 과목,
몰골법,대비,구륵법,윤곽선 없이 면으로 ↔ 윤곽선 먼저 그리고 채색
진경산수화,대비,관념산수화,실경 답사 ↔ 화보에 기댄 이상 산수
남종화,대비,북종화,문인·수묵 ↔ 화원·채색
주심포 양식,대비,다포 양식,기둥 위에만 ↔ 기둥 사이에도 공포
가산혼합,대비,감산혼합,"빛, 섞을수록 밝아짐 ↔ 물감, 섞을수록 어두워짐"
분석적 루브릭,대비,총체적 루브릭,요소별 채점 ↔ 전체 인상 하나로
규준참조평가,대비,준거참조평가,상대적 위치 ↔ 성취기준 도달 여부
연질백자,대비,경질백자,낮은 온도·무른 태토 ↔ 높은 온도·치밀한 태토
소조,대비,조각,붙여 나가는 가산법 ↔ 깎아 내는 감산법
다게레오타이프,계보,칼로타이프,
회화주의 사진,계보,스트레이트 포토그래피,
신고전주의,계보,낭만주의,
팔작지붕,대비,맞배지붕,"화려한 곡선, 궁궐·주불전 ↔ 간결한 두 면"
명시성,대비,주목성,멀리서도 잘 보임(명도 차) ↔ 시선을 끎(고채도 난색)
볼록판화,대비,오목판화,튀어나온 면에 잉크 ↔ 파인 홈에 잉크
도구적 미술교육,대비,본질적 미술교육,다른 목적의 수단 ↔ 미술 자체의 가치
창의성 중심 미술교육,계보,학문 중심 미술교육,
이정,대비,어몽룡,묵죽의 전형 ↔ 묵매의 전형
간다라 양식,대비,마투라 양식,헬레니즘풍 사실적 ↔ 인도 토착적 관능미
채도,대비,흑도,채색 토기 ↔ 검은 간 토기
임파스토,대비,글레이징,두껍게 쌓아 질감 ↔ 얇게 겹쳐 투명감
유화,대비,템페라,건조 느림·수정 자유 ↔ 건조 빠름·수정 어려움
발염,대비,방염,이미 든 색을 빼냄 ↔ 색이 스미지 못하게 막음
줄음질,대비,끊음질,무늬대로 오려 붙임 ↔ 실처럼 잘라 끊어 붙임
현색계,대비,혼색계,실물 색표로 지정 ↔ 빛을 측정해 수치로
교육적 감식안,대비,교육 비평,질을 지각하는 능력 ↔ 지각한 것을 언어로 드러냄
타당도,대비,신뢰도,재려는 것을 재는가 ↔ 반복해도 일관된가
직접 교수법,대비,프로젝트법,교사 시범·안내 중심 ↔ 학생 주도 탐구
훈염법,대비,육리문,옅게 겹쳐 굴곡 ↔ 잔선으로 살결
로마네스크,계보,고딕,반원 아치·두꺼운 벽 → 첨두아치·늑골 궁륭
낭만주의,계보,사실주의,
사실주의,계보,인상주의,
인상주의,계보,후기 인상주의,
다다,계보,초현실주의,
바우하우스,계보,울름 조형대학,전후 독일에서 이념을 계승
아르누보,계보,아르데코,
학문 중심 미술교육,계보,시각문화 미술교육,
제6차 미술과 교육과정,계보,제7차 미술과 교육과정,
제7차 미술과 교육과정,계보,2007 개정 미술과 교육과정,
2007 개정 미술과 교육과정,계보,2009 개정 미술과 교육과정,
2009 개정 미술과 교육과정,계보,2015 개정 미술과 교육과정,
2015 개정 미술과 교육과정,계보,2022 개정 미술과 교육과정,역량 명칭과 내용 체계가 달라짐
순청자,계보,상감청자,
상감청자,계보,분청사기,
분청사기,계보,순백자,
간다라 양식,계보,굽타 양식,
진단평가,계보,형성평가,
형성평가,계보,총괄평가,
세잔,영향,입체파,다시점과 형태의 기하학적 환원
데 스틸,영향,바우하우스,수직·수평과 삼원색의 조형 원리
러시아 구성주의,영향,바우하우스,산업 재료와 기하학적 구성
레디메이드,영향,개념미술,솜씨에서 관념으로
김정희,영향,허련,사제 관계 — 남종문인화풍의 전수
이정,영향,유덕장,조선 묵죽의 계승
장승업,영향,안중식,
장승업,영향,조석진,
안견,작품,몽유도원도,
신사임당,작품,초충도,
김득신,작품,파적도,
이인문,작품,강산무진도,
어몽룡,작품,월매도,
윤두서,작품,윤두서 자화상,
김정희,작품,인천안목길상여의,
혜허,작품,수월관음도,
윤두서 자화상,기법,훈염법,
윤두서 자화상,기법,육리문,
그랑드 자트 섬의 일요일 오후,기법,점묘법,
그랑드 자트 섬의 일요일 오후,기법,색채 분할,
백제금동대향로,기법,실납법,복잡한 투조 형태를 한 번에 주조
성덕대왕신종,기법,실납법,
니시키에,기법,켄토,색판을 겹쳐 찍을 때 종이 위치를 맞추는 홈
경천사지 십층석탑,기법,이형 석탑,
다보탑,기법,이형 석탑,
불국사 삼층석탑,기법,전형 양식,
감은사지 삼층석탑,기법,전형 양식,
아이스너,주장,교육 비평,
아이스너,주장,학문 중심 미술교육,
치젝,주장,창의성 중심 미술교육,
브라우디,주장,미적 주사,
로웬펠드,주장,시각형과 촉각형,
슈브뢸,주장,동시대비,
루드,주장,병치혼합,
빌 모그리지,주장,인터랙션 디자인,
빅터 파파넥,주장,적정기술,
슈마허,주장,적정기술,『작은 것이 아름답다』
디터 람스,주장,굿 디자인,
김정희,주장,추사체,
곽희,주장,삼원법,
고개지,주장,전신사조,
미불,주장,미점법,
회전혼합,상위,중간혼합,
르네상스,대표작가,조토 디 본도네,
르네상스,대표작가,필리포 브루넬레스키,
르네상스,대표작가,도나텔로,
르네상스,대표작가,미켈란젤로,
르네상스,대표작가,티치아노 베첼리오,
르네상스,대표작가,조르조네,
북유럽 르네상스,대표작가,얀 반 에이크,
북유럽 르네상스,대표작가,알브레히트 뒤러,
바로크,대표작가,카라바조,
바로크,대표작가,지안 로렌초 베르니니,
바로크,대표작가,피터 파울 루벤스,
바로크,대표작가,렘브란트,
바로크,대표작가,프란스 할스,
바로크,대표작가,요하네스 베르메르,
바로크,대표작가,디에고 벨라스케스,
바로크,대표작가,니콜라 푸생,
로코코,대표작가,장 앙투안 와토,
신고전주의,대표작가,장 오귀스트 도미니크 앵그르,
낭만주의,대표작가,카스파르 다비트 프리드리히,
낭만주의,대표작가,조셉 말러드 윌리엄 터너,
인상주의,대표작가,피에르 오귀스트 르누아르,
인상주의,대표작가,에드가 드가,
후기 인상주의,대표작가,세잔,
상징주의,대표작가,귀스타브 모로,
표현주의,대표작가,에른스트 루트비히 키르히너,
야수파,대표작가,앙리 마티스,
미래주의,대표작가,움베르토 보치오니,
다다,대표작가,한스 아르프,
다다,대표작가,쿠르트 슈비터스,
초현실주의,대표작가,르네 마그리트,
색면 추상,대표작가,마크 로스코,
팝아트,대표작가,로버트 라우센버그,
팝아트,대표작가,로이 리히텐슈타인,
팝아트,대표작가,클래스 올덴버그,
개념미술,대표작가,조셉 코수스,
대지미술,대표작가,로버트 스미스슨,
퍼포먼스 아트,대표작가,마리나 아브라모비치,
신표현주의,대표작가,게오르크 바젤리츠,
신표현주의,대표작가,안젤름 키퍼,
오르피즘,대표작가,로베르 들로네,
비디오 아트,대표작가,백남준,
비디오 아트,대표작가,빌 비올라,
비디오 아트,대표작가,브루스 나우만,
제도 비판,대표작가,마이클 애셔,
제도 비판,대표작가,고든 마타클락,
단색화,대표작가,김환기,
고려불화,대표작가,혜허,
풍속화,대표작가,김홍도,
풍속화,대표작가,신윤복,
풍속화,대표작가,김득신,
진경산수화,대표작가,정선,
절파 화풍,대표작가,김명국,
르네상스,계보,매너리즘,
매너리즘,계보,바로크,
바로크,계보,로코코,
르네상스,계보,북유럽 르네상스,"같은 시기, 다른 지향"
후기 인상주의,계보,야수파,
후기 인상주의,계보,표현주의,
추상표현주의,계보,색면 추상,
팝아트,계보,시뮬라크르 미술,
르네상스,대비,바로크,정지된 균형 ↔ 운동과 극적 순간
발묵,대비,파묵,흠뻑 번지게 ↔ 마르기 전 다른 농도를 더함
백묘법,대비,몰골법,윤곽선만 ↔ 윤곽선 없이 면으로
환조,대비,고부조,사방에서 보는 입체 ↔ 벽에 붙은 높은 부조
철화백자,대비,동화백자,"산화철, 검거나 갈색 ↔ 산화동, 붉은색"
석굴암 본존불,기법,항마촉지인,
백자 달항아리,기법,물레성형,위아래 반쪽을 따로 만들어 접합
백자 달항아리,상위,순백자,
부석사 무량수전,기법,주심포 양식,
부석사 무량수전,기법,배흘림기둥,
종묘 정전,관련,도산서원,
천마총 천마도,관련,적석목곽분,
금관,관련,적석목곽분,
고사관수도,관련,소경산수인물화,
강세황,영향,김홍도,제자를 지도
고희동,관련,나혜석,한국 근대 서양화의 1세대
이중섭,관련,박수근,
김생,관련,한호,
왕희지,주장,서예의 고법,
먼셀 표색계,대비,오스트발트 표색계,색상·명도·채도 ↔ 순색량·백색량·흑색량
먼셀 표색계,관련,색의 삼속성,
계시대비,대비,동시대비,시간차로 나타남 ↔ 동시에 나타남
계시대비,관련,부적 잔상,
면적대비,관련,강조배색,
선염법,관련,바림,
타이포그래피,관련,기업 이미지 통합,
마티에르,관련,임파스토,
픽사티브,관련,목탄,
테라코타,관련,초벌구이,
아상블라주,관련,오브제,
뼈대 설치,관련,소조,
설치미술,관련,장소특정적 미술,
특정 객체,관련,미니멀리즘,
올오버 페인팅,상위,액션 페인팅,
액션 페인팅,상위,추상표현주의,
종합주의,관련,나비파,
직소 모형,관련,협동학습,
토의·토론법,관련,비평적 대화,
도상해석학 3단계,관련,미술관 교육,
리드,주장,표현기능 중심 미술교육,
포트폴리오 평가,관련,과정 중심 평가,
실기 평가,관련,수행평가,
블룸 교육목표 분류,관련,성취기준,
ARCS 동기유발 모형,관련,학습자 주도성,
나선형 교육과정,관련,깊이 있는 학습,
피아제 인지발달단계,관련,미적 인지 발달,
선행조직자,관련,유의미 학습,
관계 미학,관련,퍼포먼스 아트,
예술의 제도적 정의,관련,제도론,
예술정의 불가론,관련,열린 개념,
페미니즘 비평,관련,주디 시카고,
사회사적 비평,관련,이데올로기 비평,
해체주의 비평,관련,저자의 죽음,
수용 미학,관련,텍스트,
기호학적 비평,상위,기호학,
시뮬라시옹,관련,시뮬라크르,
포스트콜로니얼리즘,관련,다문화 미술교육,
환경 미학,관련,생태미술교육,
미적 무관심성,관련,미적 태도론,
카타르시스,관련,미메시스,
미술관 교육,관련,박물관학,
감각 교육,관련,감각 교구,
노작 교육,관련,감각 교육,
미적 경험,관련,미학적 이해,
양주팔괴,관련,팔대산인,
왕몽,관련,오진,
서화동원론,관련,문인화론,
건필윤묵,관련,일획론,
정통파,대비,개성파,옛 법의 계승 ↔ 개성의 표출
하가산수,관련,오진,
청화백자,관련,백자 청화,
황금비,관련,카논,
정면성의 원리,대비,콘트라포스토,굳은 정면 ↔ 무게 이동의 자연스러움
돔 구조,관련,아야 소피아,
훈염법,상위,초상화 기법,
육리문,상위,초상화 기법,
삼백법,상위,초상화 기법,
배채법,상위,초상화 기법,
발묵,상위,필묵법,
파묵,상위,필묵법,
삼묵법,상위,필묵법,
갈필,상위,필묵법,
적묵법,상위,필묵법,
몰골법,상위,필묵법,
구륵법,상위,필묵법,
데칼코마니,상위,우연 효과 기법,
프로타주,상위,우연 효과 기법,
마블링,상위,우연 효과 기법,
스크래치 기법,상위,우연 효과 기법,
훈염법,대비,삼백법,어둡게 우려냄 ↔ 밝게 도드라지게
배채법,대비,훈염법,뒷면에서 배어나게 ↔ 앞면에서 겹쳐 올림
난엽묘,대비,철선묘,난초 잎처럼 굵기가 변하는 선 ↔ 철사처럼 일정한 선
액션 페인팅,대비,색면 추상,행위의 흔적 ↔ 넓은 색면의 침잠
점묘법,관련,색채 분할,
해조묘,관련,권운준,둘 다 곽희의 〈조춘도〉
수파묘,관련,무근수,
누보 레알리즘,대표작가,장 팅겔리,
누보 레알리즘,대표작가,아르망,
옵아트,대표작가,빅토르 바자렐리,
아르 브뤼,대표작가,장 뒤뷔페,
페미니즘 미술,대표작가,주디 시카고,
그래피티 아트,대표작가,쟝 미쉘 바스키아,
그래피티 아트,대표작가,키스 해링,
볼록판화,상위,판화,
오목판화,상위,판화,
평판화,상위,판화,
공판화,상위,판화,
누보 레알리즘,관련,인터내셔널 클랭 블루,
누보 레알리즘,대비,팝아트,실제 사물의 직접 제시 ↔ 대중 이미지의 차용
누보 레알리즘,관련,아상블라주,
옵아트,관련,키네틱 아트,시각적 착시 ↔ 실제 움직임
페미니즘 미술,관련,페미니즘 비평,
루치오 폰타나,관련,아르 브뤼,
개념미술,대표작가,데미안 허스트,
메조틴트,도구,로커,
메조틴트,도구,스크레이퍼,
에칭,도구,그라운드액,
드라이포인트,도구,버,
실크스크린,도구,스퀴지,
목판화,도구,바렌,
니시키에,도구,바렌,
한국현대미술가협회,관련,앵포르멜,1957년 전후 한국 앵포르멜의 거점
한국현대미술가협회,상위,전위미술,
한국현대미술가협회,대비,조선미술전람회,국전 아카데미즘에 대한 항거
앵포르멜,계보,단색화,뜨거운 추상 → 차가운 물성
앵포르멜,대비,추상표현주의,유럽의 뜨거운 추상 ↔ 미국의 대형 추상
전위미술,관련,실험미술,
신사실파,관련,김환기,
르네상스,대표작가,산드로 보티첼리,
매너리즘,대표작가,파르미자니노,
낭만주의,대표작가,테오도르 제리코,
낭만주의,대표작가,외젠 들라크루아,
사실주의,대표작가,귀스타브 쿠르베,
인상주의,대표작가,에두아르 마네,
표현주의,대표작가,바실리 칸딘스키,
산드로 보티첼리,작품,비너스의 탄생,
파르미자니노,작품,긴 목의 마돈나,
테오도르 제리코,작품,메두사호의 뗏목,
외젠 들라크루아,작품,민중을 이끄는 자유의 여신,
귀스타브 쿠르베,작품,돌 깨는 사람들,
에두아르 마네,작품,풀밭 위의 점심식사,
마애불,상위,불상 형식,
철불,상위,불상 형식,
광배,상위,불상 형식,
수인,상위,불상 형식,
삼불상,상위,불상 형식,
감로도,상위,탱화,
트랜스아방가르드,상위,신표현주의,
르네상스,대표작품,비너스의 탄생,
르네상스,대표작품,성 삼위일체,
매너리즘,대표작품,긴 목의 마돈나,
낭만주의,대표작품,메두사호의 뗏목,
낭만주의,대표작품,민중을 이끄는 자유의 여신,
사실주의,대표작품,돌 깨는 사람들,
인상주의,대표작품,풀밭 위의 점심식사,
로마네스크,대표작품,피사 성당,
사군자,관련,문자도,
사군자,관련,이정,
사군자,관련,어몽룡,
빗살무늬토기,대비,반구대 암각화,신석기 토기 ↔ 선사 암각화
발해 이불병좌상,관련,석굴암 본존불,
무령왕릉 석수,관련,백제금동대향로,
조각보,관련,방염,
온돌,관련,도산서원,
삼절,관련,최북,
고구려 고분 벽화,상위,사신도,
고구려 고분 벽화,대표작품,무용총 수렵도,
고구려 고분 벽화,대표작품,덕흥리 고분 벽화,
김수철,관련,김정희,
엔타시스,관련,배흘림기둥,같은 착시 보정의 원리
성상 파괴 운동,관련,카타콤,
신즉물주의,대비,표현주의,냉정한 관찰 ↔ 격정의 표출
에콜 드 파리,관련,야수파,
문방사우,관련,서예의 고법,
모빌,관련,키네틱 아트,
안전색채,관련,명시성,
담채,관련,수채화,
영자팔법,관련,해서,
바우하우스 마이스터 제도,상위,바우하우스,
귀납적 탐구학습 모형,관련,발견학습,
반응 중심 학습법,관련,수용 미학,
가족 유사성,관련,열린 개념,
외재적 비평,대비,내재적 비평,작품 밖의 맥락 ↔ 작품 안의 형식
의경,관련,기운생동,
징회미상,관련,의경,
함기심목,관련,전신사조,
오대당풍,관련,요철법,
상형상리론,관련,문인화론,
도철문,관련,화상석,
마사초,작품,성 삼위일체,
르네상스,대표작가,마사초,
헬레니즘,대표작품,라오콘 군상,
카논,관련,헬레니즘,
헬레니즘,대비,르네상스,격정과 운동 ↔ 이상적 균형
사경,상위,탱화,
르 코르뷔지에,주장,모듈러,
모듈러,관련,황금비,
바실리 칸딘스키,관련,표현주의,
금동미륵보살반가사유상,관련,서산마애삼존불,
라스코 동굴벽화,대비,반구대 암각화,구석기 동굴벽화 ↔ 신석기 이후 암각화
타일러 모형,대비,성취기준,목표→경험→조직→평가
